{"EP_Loss": 0.45171505212783813, "NC_Loss": 0.6838839054107666, "Val_Acc": 0.706, "Test_Acc": 0.699, "_timestamp": 1649475811, "_runtime": 26, "_step": 113, "_wandb": {"runtime": 27}}