{"EP_Loss": 0.5536253452301025, "NC_Loss": 0.4637550413608551, "Val_Acc": 0.4831932773109244, "Test_Acc": 0.5210084033613446, "_timestamp": 1649474599, "_runtime": 8, "_step": 104, "_wandb": {"runtime": 9}}