{"EP_Loss": 0.5400235056877136, "NC_Loss": 0.12901753187179565, "Val_Acc": 0.716, "Test_Acc": 0.729, "_timestamp": 1649474032, "_runtime": 19, "_step": 103, "_wandb": {"runtime": 20}}