{"EP_Loss": 0.6561679244041443, "NC_Loss": 0.531059741973877, "Val_Acc": 0.44662896449022277, "Test_Acc": 0.43732606606290103, "_timestamp": 1649475560, "_runtime": 102, "_step": 199, "_wandb": {"runtime": 103}}