{"EP_Loss": 0.6016016006469727, "NC_Loss": 0.5367175936698914, "Val_Acc": 0.4424878442562938, "Test_Acc": 0.43810583949381116, "_timestamp": 1649476121, "_runtime": 165, "_step": 199, "_wandb": {"runtime": 166}}