{"EP_Loss": 0.545438289642334, "NC_Loss": 0.41424551606178284, "Val_Acc": 0.6033003300330033, "Test_Acc": 0.6122949273995851, "_timestamp": 1649474277, "_runtime": 203, "_step": 199, "_wandb": {"runtime": 204}}