{"EP_Loss": 0.4848620295524597, "NC_Loss": 0.9102259874343872, "Val_Acc": 0.5042016806722689, "Test_Acc": 0.5426170468187275, "_timestamp": 1649475775, "_runtime": 12, "_step": 101, "_wandb": {"runtime": 13}}