{"EP_Loss": 0.7240588068962097, "NC_Loss": 0.48908910155296326, "Val_Acc": 0.5378151260504201, "Test_Acc": 0.5858343337334934, "_timestamp": 1649473137, "_runtime": 12, "_step": 163, "_wandb": {"runtime": 12}}