{"EP_Loss": 0.693146288394928, "NC_Loss": 0.4808884859085083, "Val_Acc": 0.4891089108910891, "Test_Acc": 0.5091457665472374, "_timestamp": 1649475362, "_runtime": 608, "_step": 199, "_wandb": {"runtime": 609}}