{"EP_Loss": 0.6444208025932312, "NC_Loss": 0.5218285322189331, "Val_Acc": 0.436301408083927, "Test_Acc": 0.42990323840074285, "_timestamp": 1649473042, "_runtime": 297, "_step": 103, "_wandb": {"runtime": 298}}