{"EP_Loss": 0.6931341886520386, "NC_Loss": 6.290369510650635, "Val_Acc": 0.39268527430221367, "Test_Acc": 0.3922484881803189, "_timestamp": 1649473917, "_runtime": 13, "_step": 3, "_wandb": {"runtime": 14}}